UserName,Handle,Timestamp,Comments,Likes,Retweets
ARusso,@ARusso70767162,2022-05-10T02:59:35.000Z,Dems politicize everything!..like when Adams held up kids sneaker at press conference! Was that really necessary!,,,
ARusso,@ARusso70767162,2022-05-10T02:59:35.000Z,"B.S photo op, #gettingnothingdone none of those things are enforceable by DOT...how about putting speed cameras on highways and parkways. Why only on streets.",,,
Upwork,@Upwork,2022-05-10T02:59:35.000Z,"0:09
upwork.com
What makes them a great mom also makes them a great hire.",3,12,52
LES Dwellers,@LESdwellers,2022-05-10T02:59:35.000Z,"Kirsten Theodos
@kirstentheodos
 · 11h
Evidently, we are at the stage where a business can close and abandon its vacant shed and it can stay there indefinitely.

#JustLikeParis 

⁦@CueUpNYC⁩ ⁦@LESdwellers⁩ ⁦@berrystalliance⁩",,1,2
Gary Wilkins,@Glw135Wilkins,2022-05-10T02:59:35.000Z,Please - we see through that — ITS A MONEY GRAB - y’all already nickel & dime nyc citizens to death !!! When will you realize the people committing these crimes will do so camera or not !!!! Don’t use this as a push for 24/7 cams - all this stuff is happening with cams everywhere,,,
Ricardo Pacheco,@RPachecoJH,2022-05-10T02:59:35.000Z,@HomerNala,,,
radica,@radica32113943,2022-05-10T02:59:35.000Z,"Yep I reported dozen of times similar things I have never seen any action I give up at this point I ignore anything I see wrong , I’m only praying to be ok and get to work and back, I’m not ignorant I just don’t see the purpose of my “trying” nothing I can do.. sorry ",,,
Conrad C. Fried,@ConradSaid,2022-05-10T02:59:35.000Z,Who said it would?,,,
United Airlines,@united,2022-05-10T02:59:35.000Z,"nytimes.com
The End of the All-Male, All-White Cockpit",14,6,62
P.C. Richard and Son,@PCRichardandSon,2022-05-10T02:03:39.000Z,,,,2
jennifer bristol,@hammywoodnyc,2022-05-10T02:03:39.000Z,thanks for the reply! it is rarely out at 10 am.,,,
moses weiss,@mosesweiss7,2022-05-10T02:03:39.000Z,"I wonder why they even allow you to operate those cameras all the hours, this is just an other excuse for the city to make money just like the city is now returning asp 4 times a week",,,
les3025,@les3025,2022-05-10T02:03:39.000Z,sounds like they were lucky a shed was there. if a car had been there instead it would have been much harder to get around. no shed outside dim sum palace and the fire seems to have gone much worse there.,,,
Michelle Diaz,@HouseOfMyshel,2022-05-10T02:03:39.000Z,,,,
Youjustmovedhere,@Nimbyyimbywtf,2022-05-10T02:03:39.000Z,And all the weed trucks,,,2
VeloFamilyNYC,@nyc_velo,2022-05-10T02:03:39.000Z,"PEO Erin Urquhart
@TPS_BikeHart
 · 6h
Peter St #bikeTO enforcement again today. What a beautiful day to ride! But not so nice when you come across unoccupied cars with their hazard lights on in the bike lanes. The car is the hazard  $150 bike lane tag served !",,1,2
Myrtle W. Speaks,@Blurena,2022-05-10T02:03:39.000Z,Yay to go drinks.,1,1,4
Samir,@lavingiasa,2022-05-10T02:03:39.000Z,ALT,1,,12
Snail He/Him,@extrapostage,2022-05-10T02:03:39.000Z,"Lemme guess, no charges and that driver and truck are still rolling along.",,,1
Carmen De La Rosa,@CnDelarosa,2022-05-10T02:03:39.000Z,"Hi Jennifer, I’ll follow up about consistency but the info is public seating is set up by Dyckman Gardens everyday before 10am and taken down at sunset.  Inquiries regarding schedule or programing can be sent to Dyckmangardens@gmail.com",1,,2
LEGO,@LEGO_Group,2022-05-10T02:03:39.000Z,,9,22,251
Punisher Justice,@JonGotham,2022-05-10T02:03:39.000Z,looks pretty clean guess he got that pizza,,,
@megshashin,@megshashin,2022-05-10T02:03:39.000Z,,1,,
bbkr82,@bbkr82,2022-05-10T02:03:39.000Z,"https://nyc.streetsblog.org/2022/05/07/truck-driver-gets-a-few-summonses-for-killing-borough-park-cyclist-as-mta-workers-continue-dangerous-parking/…  
@ydanis",,,
Pedro 我是纽约人,@_pjrt,2022-05-09T23:52:40.000Z,,,,
Shops by Bike,@belleoflonglake,2022-05-09T23:52:40.000Z,can generally count on there being at least three vehicles obstructing that block right at the mouth of the slip lane creating an obstruction and a daylighting hazard.,,,
Shops by Bike,@belleoflonglake,2022-05-09T23:52:40.000Z,wide (making cars go fast 2. Driver behavior on the block between IKEA and Costco is chaotic and worrying and it's such 100% car space that I know they aren't expecting or wanting to yield to cyclists and 3. Because the Dominos drivers park in the bike lane on Queens Blvd and one,1,,
Shops by Bike,@belleoflonglake,2022-05-09T23:52:40.000Z,What does the treatment 62nd Drive as it crosses Junction and connects to Queens Blvd? Lately I've actually been wiggling around in the neighborhood so that I arrive at Queens Blvd at 63rd Dr instead of Junction for a couple reasons: 1.  that block approaching QB is so massively,1,,
ItsEasyBeingGreen,@Fresh_Kermit,2022-05-09T23:52:40.000Z,They should regulate side guards on all trucks as well.,,,1
BK_fietsertje,@BkFietsertje,2022-05-09T23:52:40.000Z,"NYC DOT
@NYC_DOT
 · 6h
“Albany must allow NYC to expand our automated enforcement program. 31% of all on-street traffic fatalities occur in school speed zones that have cameras, but during times that we’re not allowed to operate. Our cameras should be running 24 hours-7 days a week.” -Cmsr Rodriguez
Show this thread
0:50
629 views",,,1
Karma-lized Onions,@ygogdbop,2022-05-09T23:52:40.000Z,"So if you had a speed camera in that spot, on that very day, set to operate 24/7, this person would still be dead, but congratulations! The City of New York would have an extra $50 in their coffers.",,1,2
@megshashin,@megshashin,2022-05-09T23:52:40.000Z,"MTA workers were on the bridge over rails, they didn’t do anything as usual!",,1,
Novavax,@Novavax,2022-05-09T23:52:40.000Z,"wedovaccines.com
Learn More",12,7,96
NYCT Subway. Wear a Mask.,@NYCTSubway,2022-05-09T23:52:40.000Z,Good afternoon. Thanks for letting us know. We'll report this and get them the help they need. ^KB,1,,1
Punisher Justice,@JonGotham,2022-05-09T23:52:40.000Z,its called the herorin lean,,,
Punisher Justice,@JonGotham,2022-05-09T23:52:40.000Z,he is  a high drug addict   not much change for him,,,
Punisher Justice,@JonGotham,2022-05-09T23:52:40.000Z,to help him u can call 911   just dont giv him $$,,,
@megshashin,@megshashin,2022-05-09T23:52:40.000Z,,5,1,
Peacock,@peacockTV,2022-05-09T23:52:40.000Z,"peacocktv.com
Girls5eva New Season",2,3,4
Ricardo Pacheco,@RPachecoJH,2022-05-09T21:27:29.000Z,"@LESdwellers
 @JHCoopsAlliance
 @BringBackNYC
 @NYCMayorsOffice
 @NYCMayor
 @NYC_DOT
 @Pb3Banks
 @NYCSanitation
 @NYCCouncil
 @Gloria69NY
 @NYSenateDems",,,
r3y,@shac72419569,2022-05-09T21:27:29.000Z,,,,
inwoodKTH (keeping them honest),@InwoodKth,2022-05-09T21:27:29.000Z,Exactly.  It’s all BS.,,,
Tri-State Transportation Campaign,@Tri_State,2022-05-09T21:27:29.000Z,"transitcenter.org
Setting NYC’s Buses Up for Success
How can agency leaders work together to provide great bus service in New York City, given the effects of COVID? What do they view as the major challenges to overcome, and how do they intend to move...",,1,5
Dan Fischer,@FischermanDan,2022-05-09T21:27:29.000Z,Thank you ,,,2
Mr. 360 No-Scope,@michale_price,2022-05-09T21:27:29.000Z,"hope he sees this, bro",1,,1
Dan Fischer,@FischermanDan,2022-05-09T21:27:29.000Z,"Dan Fischer
@FischermanDan
 · May 8
My god, the news of traffic violence in NYC this week is seemingly nonstop. 

We need to pause all this car stuff until we figure out what's going on here. twitter.com/NYDailyNews/st…",1,,2
Peter Paxhia,@PetePax,2022-05-09T21:27:29.000Z,,,,1
NYC DOT,@NYC_DOT,2022-05-09T21:27:29.000Z,ALT,,1,4
Al Ngu,@alngu,2022-05-09T21:27:29.000Z,511 just told me to call 311!!!,,,
Suma Wealth,@wearesuma,2022-05-09T21:27:29.000Z,,2,13,33
Coney Island Whitefish,@BWT5011,2022-05-09T21:27:29.000Z,69 years . He had a good run followed by a good drag .,,,
Al Ngu,@alngu,2022-05-09T21:27:29.000Z,Thanks,,,
NYC DOT,@NYC_DOT,2022-05-09T21:27:29.000Z,This is MTA property. Please call 511 regarding this location.,3,,
Jessie Singer,@JessieSingerNYC,2022-05-09T21:27:29.000Z,"My buddy 
@miatkowski
 always knows the answer.",,,
Rick Krisburg,@rkrisburg,2022-05-09T19:14:14.000Z,It is acceptable. We look to our official officials for solutions ...,,,
Choresh Wald,@Choresh2,2022-05-09T19:14:14.000Z,,,,1
Husam Ahmad,@HusamAh82280554,2022-05-09T19:14:14.000Z,Omg,,,
alan on the back .40,@alanbaglia,2022-05-09T19:14:14.000Z,I reject the premise of this tweet. This is obviously entirely acceptable.,,,
jennifer bristol,@hammywoodnyc,2022-05-09T19:14:14.000Z,,2,,
OpenPlans,@OpenPlans,2022-05-09T19:14:14.000Z,"Julie Menin
@JulieMenin
 · 10h
This is completely unacceptable! Another pedestrian critically injured!  This is 2nd senior citizen struck by a vehicle in less than a week on the East Side of Manhattan. @NYC_DOT must make vision zero a reality and install safety measures immediately.  https://uppereastsite.com/69-year-old-man-struck-dragged-by-box-truck-critically-injured-upper-east-side-nyc/…",,5,11
NYC DOT,@NYC_DOT,2022-05-09T19:14:14.000Z,ALT,2,,2
Young Ideas,@DickYoungsGhost,2022-05-09T19:14:14.000Z,"“Just like Paris” … the sewers of Paris, that is. ",,,1
Suma Wealth,@wearesuma,2022-05-09T19:14:14.000Z,"Wed, May 11 at 7:00 PM·Suma Wealth
SUMA Money Cafecito: Set Your Crypto Wallet W/ Coinbase
Set reminder",,7,9
Berry St. Alliance,@berrystalliance,2022-05-09T19:14:14.000Z,,1,4,3
New York City 311,@nyc311,2022-05-09T19:14:14.000Z,"@NYCTBus
 Thank you for looping us in! Good afternoon 
@nyc1cap
 @NYC_DOT
 @NYCMayor
 @PANYNJ
, you can request a new pedestrian ramp with the Department of Transportation by visiting http://on.nyc.gov/38dWBqg, or feel free to DM us for filing assistance. Thanks!",,,
Pearliana,@_P_Doll,2022-05-09T19:14:14.000Z,,,,
NYCT Bus. Wear a Mask.,@NYCTBus,2022-05-09T19:14:14.000Z,Is the the B41 on Veterans Ave/East 70 St? ^JP,,,
NYCT Bus. Wear a Mask.,@NYCTBus,2022-05-09T19:14:14.000Z,"Good afternoon. We'll loop in our friends at 
@nyc311
 to assist further. ^JP",1,,
AMD Ryzen,@AMDRyzen,2022-05-09T19:14:14.000Z,"amd.com
AMD Ryzen 6000 Series processors ",,1,5
Punisher Justice,@JonGotham,2022-05-09T17:12:49.000Z,yes a stolen citibike    the cops have a hard problem stopping criminals on those bikes    im sure you have seen those bikes chained to poles -   the rental time is 20 minutes  -   he stole that bike,,,
astoriana,@astoriana1,2022-05-09T17:12:49.000Z,"Y’all are tweeting HARD lately. And yet people keep getting run down by out-of-control, violent drivers. Might be time to pop on the ol’ thinking cap and see if there’s anything else you could be doing.",,,8
@megshashin,@megshashin,2022-05-09T17:12:49.000Z,This is citi bike,1,,
Punisher Justice,@JonGotham,2022-05-09T17:12:49.000Z,when i see those bikes stolen  i pop the rear tire     wah wah wah  someone disabled my stolen bike  wah wah wah,1,,
Preserve Our Brooklyn Neighborhoods,@infopobn,2022-05-09T17:12:49.000Z,,,2,1
Yo,@MrWillJHolla,2022-05-09T17:12:49.000Z,,2,,
Punisher Justice,@JonGotham,2022-05-09T17:12:49.000Z,he was going to fill that bag up robbing the store  and ride away,1,,1
Punisher Justice,@JonGotham,2022-05-09T17:12:49.000Z,first  he stole that bike  two  he probably was going to steal from the store,,,
Suma Wealth,@wearesuma,2022-05-09T17:12:49.000Z,"Wed, May 11 at 7:00 PM·Suma Wealth
SUMA Money Cafecito: Set Your Crypto Wallet W/ Coinbase
Set reminder",,7,9
Punisher Justice,@JonGotham,2022-05-09T17:12:49.000Z,looks like food uber guy,,,1
Punisher Justice,@JonGotham,2022-05-09T17:12:49.000Z,crime fighting meg!,,,
Choresh Wald,@Choresh2,2022-05-09T17:12:49.000Z,You have more power than tweeting at city agencies.,,,16
@megshashin,@megshashin,2022-05-09T17:12:49.000Z,,2,1,4
Berry St. Alliance,@berrystalliance,2022-05-09T17:12:49.000Z,"#freeberryst #openstreet is barricaded in conflict with sanitation hours. 
@NYC_DOT
 @LincolnRestler
 @EmilyAssembly
 not working with residents. They conceded authority of municipal property to a private group based in greenpoint that has received at least $35K as OS  “partners”",,,1
Dr Pepper,@drpepper,2022-05-09T17:12:49.000Z,,555,"1,240","5,504"
Pedro 我是纽约人,@_pjrt,2022-05-09T16:45:34.000Z,"Astoria/LIC Patch
@AstoriaPatch
 · 12h
Karina Larino, 38, was a longtime MTA worker and mother-of-one, according to a statement released by the Transport Workers Union. https://trib.al/ACPJKKV",,,
Noah B. MD,@Making_Noah,2022-05-09T16:45:34.000Z,"It would be most useful to see data for when the cameras weren't on during those same time periods, otherwise can't really think about causality. Can we do this by neighborhood, think that would be really interesting. Thanks for the plot!",,,
Stuart,@Stuart39906233,2022-05-09T16:45:34.000Z,"The fire also highlights the real challenges firefighters face due to the plethora of dining sheds blotting (and blighting) the neighborhood. In this instance, the temporary infrastructure outside Zazzy’s Pizza across the street was destroyed by responding fire personnel.",1,1,3
go to heaven go to hell,@ProzacJack2,2022-05-09T16:45:34.000Z,"Bike Lanes
@NYCBikeLanes
 · 12h
If local buses were free, we would have fast all door boarding.

Instead @NYCTBus offers free bus lane parking.",,,1
BoazBoazBoazBoaz,@Boaz_DolnyLipsy,2022-05-09T16:45:34.000Z,Ah thank you. And agreed!! Complete waste of money and resources.,1,,1
NYC Sanitation,@NYCSanitation,2022-05-09T16:45:34.000Z,"@ahbuildny
 @NYC_DOT
 @NYPD108Pct
 @LICPOST
 @LICWaterfront
 @NYPDQueensNorth
 @sunnysidepost
 @queenspost
 @nyc311
 You would have to request ASP with Community Board: https://on.nyc.gov/2NYD4BL Find contact info for Community Board:https://on.nyc.gov/323Nd52 Looping in 
@nyc311
 for assistance.",,,
vegitalist,@vegitalist,2022-05-09T16:45:34.000Z,the bike lane on Broome doesn’t start until west of W Broadway,,,1
NYC DOT,@NYC_DOT,2022-05-09T16:45:34.000Z,"We will forward your suggestion to the appropriate unit. If you would like follow up, please visit: http://bit.ly/contactDOTCommissioner…",,,
AMD Ryzen,@AMDRyzen,2022-05-09T16:45:34.000Z,"amd.com
AMD Ryzen 6000 Series processors ",,1,5
Alan Haines,@ahbuildny,2022-05-09T16:45:34.000Z,"Appreciate the outreach. But how can the streets be swept if there is no alternate side of the street parking on Center Blvd? The garbage, weeds & general filth is between & beneath the cars, trucks & stretched limos that never move. 
@NYC_DOT
 . Never seen a street sweeper here",1,,
joseph,@jtedeschi1968,2022-05-09T16:45:34.000Z,,1,1,4
LES Dwellers,@LESdwellers,2022-05-09T16:45:34.000Z,"Bowery Boogie
@boweryboogie
 · 14h
Saigon Social Vows Return After Fire Last Week https://buff.ly/390K5i7",1,3,5
NYC DOT,@NYC_DOT,2022-05-09T16:45:34.000Z,"NYC DOT
@NYC_DOT
 · Apr 26
NYC DOT is hosting a design workshop to collect community feedback on a design proposal for the Berry Open Streets in #Brooklyn.

Join us on 5/14 from 12-4PM on Berry St between North 6th St and North 7th St.
ALT
ALT
ALT",,,2
One Medical,@onemedical,2022-05-09T14:57:28.000Z,"onemedical.com
Learn More",,1,19
Jason Cole,@JaysonColeRock,2022-05-09T14:57:28.000Z,Oh Sh!t ! I admire your diligence! ,,,
New York City 311,@nyc311,2022-05-09T14:57:28.000Z,"@Max46695146
 @NYC_DOT
 Hi, thanks for providing the photos. You may report the overgrown grass online at http://on.nyc.gov/3sl2iOh; you can also report debris on the highway online at http://on.nyc.gov/3P9c147, or DM us if you need help with filing. Thank you.",1,,
Steve Weintraub,@swein,2022-05-09T14:57:28.000Z,Speed cameras are a money grab. Good thing these heroes are sticking it to the man by slowing down and denying them all that ticket revenue!,,,1
Crandog,@Crandog2,2022-05-09T14:57:28.000Z,"Hey 
@NYCMayorsOffice
 and 
@NYC_DOT
 how about following up on this then?  Or every violation to the ridiculous open restaurant platform where people can’t walk down sidewalks. It’s great governing like 
@RudyGiuliani
 picking on those not well represented.",,1,7
Jessie Singer,@JessieSingerNYC,2022-05-09T14:57:28.000Z,"Genuinely, I don't know. With 10 seconds of searching I found $600,000/mile for protected bike lanes, so let's say $4 mill could redesign two streets or five to ten intersections?

But even redesigning one street would save 100% more lives than this dumb campaign.",1,,6
Streetsblog New York,@StreetsblogNYC,2022-05-09T14:57:28.000Z,"Philip
@miatkowski
 · 14h
And just like that, speeding drops as soon as Albany allows NYC to turn on its life-saving speed safety cameras. 

￼ = Lowest % of vehicles speeding
 = Highest % of vehicles speeding
 = Black outline indicates speed safety camera hours  twitter.com/transalt/statu…",2,7,36
Pedro 我是纽约人,@_pjrt,2022-05-09T14:57:28.000Z,"I once saw one outside of the Food Universe on Queens Blvd and 68th ave. 

I'm still confused why someone would bike to that specific food universe. Either way, yes, there's a massive untapped demand in central queen 
@CitiBikeNYC
 @NYC_DOT",,,2
GC11370,@gc11370,2022-05-09T14:57:28.000Z,"Unique Minority
@ModerateMuslim_
 · 14h
Replying to @zuniga_martin and @NYCMayor
0:03
2,425 views",,,
Shannon Manning,@shannonmanning,2022-05-09T14:57:28.000Z,,,1,
New York City 311,@nyc311,2022-05-09T14:57:28.000Z,"@FreilechBucher
 @NYPD72Pct
 @NYC_DOT
 Hi, thank you for the photo. Always call 911 to report a dangerous situation or location. Please send us a DM so we can ask you a few questions and provide you with assistance.",,,
Dr Pepper,@drpepper,2022-05-09T14:57:28.000Z,,"1,154","1,904","9,448"
Negro Patriot,@TheNegroPatriot,2022-05-09T14:57:28.000Z,Thank you ill continue as i find them,,,
NYC DOT,@NYC_DOT,2022-05-09T14:57:28.000Z,"We will forward your suggestion to the appropriate unit. If you would like follow up, please visit: http://bit.ly/contactDOTCommissioner…",1,,
Janet Joy Wilson (she/her/fietser),@jsquaredink,2022-05-09T13:32:11.000Z,,1,,1
BODYARMOR,@DrinkBODYARMOR,2022-05-09T13:32:11.000Z,"amazon.com
BODYARMOR Sports Drink",13,37,313
Damaris Moné,@DamarisMone,2022-05-09T13:32:11.000Z,What does that have to do with vehicles that were in accidents being left on the streets? Also doesn’t justify why the vehicles aren’t towed if there are no plates. Thus illegally parked & subject to tow.,,1,
Pedro 我是纽约人,@_pjrt,2022-05-09T13:32:11.000Z,"I think a better system is one that doesn't free rely on large trucks to begin with. And instead uses bikes and small trucks. It is still safer to drive in the day, and I'm sure the business neighbors would appreciate the quiet hours.",,,
hill,@hill,2022-05-09T13:32:11.000Z,"Curious if we know where those trucks are going? Kind of like the FAA flight tracker, does such a thing exist for trucking? Are these 18wheelers doing a local delivery or trying to take a shortcut?",1,,1
Lou Céspedes,@LouforFlatbush,2022-05-09T13:32:11.000Z,"2
1
1",2,1,1
Choresh Wald,@Choresh2,2022-05-09T13:32:11.000Z,There's no bicycle infrastructure at that location,,,
S,@vidiot_,2022-05-09T13:32:11.000Z,They manage to replace bombed railroad bridges in three weeks in Ukraine...,,,1
helen gigante,@hgigante,2022-05-09T13:32:11.000Z,"Trash can is where the dam curb cut should be  and the crosswalk is over-broad…so, once again, the city has catered to cyclist want over pedestrian needs",1,,
Conor Lyman,@ConorLyman,2022-05-09T13:32:11.000Z,,1,,2
Conor Lyman,@ConorLyman,2022-05-09T13:32:11.000Z,,1,,5
Choresh Wald,@Choresh2,2022-05-09T13:32:11.000Z,,2,,6
Peacock,@peacockTV,2022-05-09T13:32:11.000Z,"peacocktv.com
Girls5eva New Season",,2,4
Choresh Wald,@Choresh2,2022-05-09T13:32:11.000Z,,,,
Rev. Oswald Denis,@OswaldDenis5,2022-05-09T10:18:39.000Z,,1,,
C. GAS,@CatGasta,2022-05-09T10:18:39.000Z,,,1,3
Max,@Max46695146,2022-05-09T10:18:39.000Z,,1,,
Please contact my office to license my commentary.,@angel_sentbyGod,2022-05-09T10:18:39.000Z,"I disagree. Trucks can easily drive over these and they force bike traffic to slow down and occasionally crash. This lane looks awful, get some higher standards",,,2
A Time 4Truth .,@AbramJacobb,2022-05-09T10:18:39.000Z,How do they plan on keeping the streets safe when this here is being allowed . Come on guys who do you'll think you're fooling. As soon as you're appointed you'll move out and forget your job . Explain  these pics. Near a kids park. Come on guys.,,,
A Time 4Truth .,@AbramJacobb,2022-05-09T10:18:39.000Z,,,,
David Lengel,@LengelDavid,2022-05-09T10:18:39.000Z,"Unfortunately, NYC is old fashioned and backwards in many ways. This thought becomes clearer daily, and it’s sad considering the love and admiration I have for it. It’s kind of like discovering that your childhood hero isn’t who you always thought they were.",,,1
Andres Salomon,@Andres4NY,2022-05-09T10:18:39.000Z,,1,,1
Ledger,@Ledger,2022-05-09T10:18:39.000Z,"ledger.com
Got NFTs? Get Ledger.",,5,34
Nati,@Bluemermaid3000,2022-05-09T10:18:39.000Z,"It's what happens when NYPD officers drive from the suburbs, they are bias towards cars",,,1
Pedro 我是纽约人,@_pjrt,2022-05-09T10:18:39.000Z,"Streetsblog New York
@StreetsblogNYC
 · May 8
Kudos to the workers at IS93 in Ridgewood who turned a useless parking space into a garbage corral so students and parents can use the sidewalk like respected citizens.",1,1,1
ConcernedUWSider,@sider_uw,2022-05-09T00:50:50.000Z,This looks like 80th and Broadway,1,,2
Robertas Stancikas,@rstancikas,2022-05-09T00:50:50.000Z,I’m sure everybody who sees the billboard will obey and slow down and it will solve all the problems,,,1
@megshashin,@megshashin,2022-05-09T00:50:50.000Z,,1,,
Meemze,@MimiLei_,2022-05-09T00:50:50.000Z,2,2,,
Joanna Oltman Smith,@jooltman,2022-05-09T00:50:50.000Z,"Oh, that explains (not really) why they are resurrecting and defacing old 
@nyc_dot
 safety campaigns. I was so confused by this:",,,3
Mike Lydon,@MikeLydon,2022-05-09T00:50:50.000Z,,2,8,79
A Freilecha Bucher,@FreilechBucher,2022-05-09T00:50:50.000Z,,2,,
Carl Jordan Mahaney,@measuredworks,2022-05-09T00:50:50.000Z,"soundcloud.com
Bike Talk - Bikeways: Ca. Legislation, NYC Open Street, Mass. Rail...
Bikeways, active transportation, climate change, and safe streets with Laura Friedman, California state Assemblymember and Chair of the Assembly Transportation Committee, in conversation with Dave Sny",,6,8
Climate Voter,@tmstreet,2022-05-09T00:50:50.000Z,"Kind of like ""just say no"".  Worthless.   Better to just have a sign that says, ""stay the fuck home with your car"".",,,
Adriana Aviles,@nanalatinaAA,2022-05-09T00:50:50.000Z,Can't you just pick it up and push it out if the way?,,,2
Ledger,@Ledger,2022-05-09T00:50:50.000Z,"ledger.com
Got NFTs? Get Ledger.",,5,34
Jehiah,@jehiah,2022-05-09T00:50:50.000Z,"cc 
@edpincar
 @CMBrooksPowers",,,
Toskaliku,@Theo47102867,2022-05-09T00:50:50.000Z,This no congestion person seems dumb and I’m not sure it’s particularly worthwhile engaging with it,,,
Routing for Bikes,@ThatIronTube,2022-05-09T00:50:50.000Z,"Modal filters, a good thing",,,
Sean,@SeanBG1,2022-05-09T00:50:50.000Z,"Abysmal if true 
@MarkLevineNYC
 @CMBrooksPowers
 @CnDelarosa
 @NYC_DOT
 @TransAlt",,,
BaconConsolidater,@Baconsolidater,2022-05-08T21:20:41.000Z,"Perhaps because ""personal responsibility"" is a tired excuse used by the very people who have the ability to make the necessary changes and refuse to do so. How exactly do people calling that out make it tough to get these things done? Like, you're just upholding their narrative.",,,
NYC Families/Residents Against Congestion Pricing,@NoCongestionTax,2022-05-08T21:20:41.000Z,"1. I never said that. 2. We can develop better infrastructure, advocate for enforcement of traffic laws (speeding, etc) for drivers, and also work to deter pedestrians from making dangerous choices. The vehement radicalism of the anti-car crowd makes cooperation tough.",1,,
Snail He/Him,@extrapostage,2022-05-08T21:20:41.000Z,You missed the Mother’s Day special here in NYC ?,,,1
BaconConsolidater,@Baconsolidater,2022-05-08T21:20:41.000Z,"But we're talking about what needs to be done. Is your contention that making pedestrians ""more responsible"" is a higher priority than developing better infrastructure? Planting the responsibility on victims rather than the systems that facilitate this violence doesn't help.",1,,
Pedro 我是纽约人,@_pjrt,2022-05-08T21:20:41.000Z,,3,4,29
NYC Families/Residents Against Congestion Pricing,@NoCongestionTax,2022-05-08T21:20:41.000Z,"But, sometimes, it is. Isn't that why things are investigated? You're just wholesale throwing out ANY circumstances surrounding a crash. No matter what the driver is at fault. I hate to tell you, but this is a very conservative, anti-fact, close-minded way of existing.",,,
NYC Families/Residents Against Congestion Pricing,@NoCongestionTax,2022-05-08T21:20:41.000Z,"5/But none of this erases personal responsibility. You are letting your anti-car agenda color everything. Drivers are not the same as DRUNK drivers, speeding DRIVERS aren't the same as general drivers. You can't lump everyone in one category.",,,
NYC Families/Residents Against Congestion Pricing,@NoCongestionTax,2022-05-08T21:20:41.000Z,"4. Reckless drivers should be held fully accountable. I read these stories of people having tons of multiple red light and speeding violations and it is INEXCUSABLE. Yes, these people should not be able to drive and criminal penalties should be on the table.",,,
Ledger,@Ledger,2022-05-08T21:20:41.000Z,"ledger.com
Got NFTs? Get Ledger.",,5,34
NYC Families/Residents Against Congestion Pricing,@NoCongestionTax,2022-05-08T21:20:41.000Z,"3/ I have children. I remind them every single day not to look at their phones while walking, and especially crossing, to follow the stop signs, even if you don't see cars coming. Not to wear headphones. And this isn't only due to the risk of cars, but bikes, scooters, etc.",,,
NYC Families/Residents Against Congestion Pricing,@NoCongestionTax,2022-05-08T21:20:41.000Z,"2/ I take it you don't drive. That's fine. When people don't obey laws (and yes, that includes drivers) the streets end up feeling like a video game). Everyone needs to cooperate to make streets safer, knowing there will never be NO accidents.",,,
NYC Families/Residents Against Congestion Pricing,@NoCongestionTax,2022-05-08T21:20:41.000Z,"I am really trying to understand this view and not just fight. Neither of us know the facts of this case. But if there was a crosswalk, or at least a corner, and the pedestrian decided not use it (especially on a dark rainy night) how can you think the driver is responsible? 1/1",4,,
Paul Mondesire,@TallPaul513,2022-05-08T21:20:41.000Z,"Danny Harris
@DannyHarris_TA
 · May 8
In Queens, another pedestrian struck in a hit-and-run. People will keep dying and getting injured in NYC as long as our leaders are more concerned about inconveniencing a few drivers than consoling a growing number of people who lost loved due ones to preventable crashes. twitter.com/nyc_alerts911/…",,,
tom0647536785,@tkarlo,2022-05-08T21:20:41.000Z,They used to have a popular term for hitting a pedestrian: “car murder” until the auto manufacturers promoted the idea that it’s the fault of pedestrians for not avoiding the vehicles.,1,,1
KOHLER,@Kohler,2022-05-08T21:20:41.000Z,,4,3,11
New York City 311,@nyc311,2022-05-08T19:55:36.000Z,"@NycGodmother
 @HomeDepot
 @NYC_DOT
 @NYCSanitation
 @6467_block
 @galeabrewer
 @NYCCouncil
 @NYCMayor
 Hi, you can report a blocked sidewalk online by visiting http://on.nyc.gov/37r2CUv, or you can send us a DM for filing assistance.",,,1
tom0647536785,@tkarlo,2022-05-08T19:55:36.000Z,"The driver is to blame even when a pedestrian is in an unexpected place, bc they are the vehicle operator. When you get behind the wheel of a car, that is the responsibility you assume. Blaming the victim doesn’t change that reality.",1,,
tom0647536785,@tkarlo,2022-05-08T19:55:36.000Z,"Because it’s a broken system that doesn’t work and kills too many. 

Enforce 25mph strictly with cameras.
Allow people to cross everywhere. Bikes to ride where they want. 

This is what actually works in other cities.",1,,
NYC Families/Residents Against Congestion Pricing,@NoCongestionTax,2022-05-08T19:55:36.000Z,"Also, if we are talking about the case in the article. ""The driver of the vehicle was not injured and remained on the scene. The investigation remains ongoing.""",,,
NYC Families/Residents Against Congestion Pricing,@NoCongestionTax,2022-05-08T19:55:36.000Z,"Fix/increase crosswalks and make them more visible-totally support. Obey the speed limit-totally support. Stop at the scene of an accident-totally support. Now, why can't the extremists on your side also admit that there are cases where the driver is not to blame?",2,,
Not A Debacle 我喜欢猫,@NotADebacle,2022-05-08T19:55:36.000Z,"Eat all of the shit. Gobble it up, keep going until you can't eat anymore and then force it down",,,
tom0647536785,@tkarlo,2022-05-08T19:55:36.000Z,"Crosswalks are often lacking or distant in many neighborhoods. 

Drivers should operate their vehicles at safe speeds where there may be pedestrians. The speed limit in NYC is 25mph, the question should be why did the driver fail to stop.",2,,1
NYCGodmother,@NycGodmother,2022-05-08T19:55:36.000Z,The Home Depot and 6 others,3,2,4
KOHLER,@Kohler,2022-05-08T19:55:36.000Z,,4,3,11
Miriam riviera,@miriam_riviera,2022-05-08T19:55:36.000Z,"I can’t tell you how many times these dangerous things have whooshed by me and I’ve seen my llife flash before my eyes, it’s the reason why I don’t wear heels anymore in public. I only wear sneakers because of the irresponsibility of others.",,,1
Tim_Schnor,@tschnor,2022-05-08T19:55:36.000Z,Hard to read signs when you’re going so fast…….going so fast and take your eyes off the road to read a sign……,,,1
(Τζέισων),@Tzeison_,2022-05-08T19:55:36.000Z,"It's the same everywhere. Focusing on changing the behaviour of road users so that it matches a problematic, unsafe and unreliable transport system. Our #Cyprus transport minster 
@yianniskarousos
 mentioned 3(!) different road safety approaches last week. All talk and no action.",,,2
OurBikelaneNYC,@ourbikelanenyc,2022-05-08T19:55:36.000Z,,3,8,31
Jessie Singer,@JessieSingerNYC,2022-05-08T19:55:36.000Z,"Danny Harris
@DannyHarris_TA
 · May 7
An @MTA worker killed by a driver in Queens - 11 dead from traffic violence in 5 days. ⁦⁦ https://newsbreak.com/news/2595660771665/mta-worker-fatally-struck-by-car-while-crossing-queens-street…",3,3,25
MinuteClinic,@MinuteClinic,2022-05-08T19:55:36.000Z,"cvs.com
MinuteClinic at CVS® ",1,,5
NYC Families/Residents Against Congestion Pricing,@NoCongestionTax,2022-05-08T18:10:25.000Z,The lack of critical thinking is astounding.,2,,
Pedro 我是纽约人,@_pjrt,2022-05-08T18:10:25.000Z,You believe in death for the sake of fitting as many cars as possible. Would be easier if you came out and said that.,1,,5
NYC Families/Residents Against Congestion Pricing,@NoCongestionTax,2022-05-08T18:10:25.000Z,"We believe in proof and evidence. In cases where this is proven, we stand by the pedestrian. The roads are shared--everyone, regardless of means of transportation--needs to do their part and obey the law.",2,,
Jim Talbott (he/him),@JimTalbott75,2022-05-08T18:10:25.000Z,"Just a note, NYPD almost always blames the victim for being out of the crosswalk or crossing against the light based on no information. Then if there's video footage, it gets debunked. They just make stuff up at the crash site.",2,,9
Joanna Oltman Smith,@jooltman,2022-05-08T18:10:25.000Z,"NYPD 114th Precinct
@NYPD114Pct
 · May 7",,1,1
Berry St. Alliance,@berrystalliance,2022-05-08T18:10:25.000Z,,,1,1
Danny Pearlstein,@dannypearlstein,2022-05-08T18:10:25.000Z,,,,3
Lynn Schulman 舒曼琳,@Lynn4NYC,2022-05-08T18:10:25.000Z,My office will also follow-up.,,,2
@megshashin,@megshashin,2022-05-08T18:10:25.000Z,,5,,1
KOHLER,@Kohler,2022-05-08T18:10:25.000Z,,4,3,11
Shops by Bike,@belleoflonglake,2022-05-08T18:10:25.000Z,"Submitted. I didn't see it as an option on the app, but did a search that brought me to the website and was able to do it there! Thank you.",1,,1
DEREK SAMUELS,@DEREKSAMUELS7,2022-05-08T18:10:25.000Z,Thanks for reporting it now the next guy can get a payday.,,,
Brian Howald,@bdhowald,2022-05-08T18:10:25.000Z,"Ah, I usually ride Meeker under the BQE, so I haven’t been here in a few weeks. Thanks, 
@keviningreenpt
.",,,
Brian Howald,@bdhowald,2022-05-08T18:10:25.000Z,"Thanks, 
@BordeMeryl
!",,,
New York City 311,@nyc311,2022-05-08T18:10:25.000Z,"@pwbnyc
 @NYC_DOT
 @Lynn4NYC
 @belleoflonglake
 Hello, you can report flooding in the street to the DEP at http://on.nyc.gov/3sjsvgi, or you can send us a DM for assistance with filing a report.",1,,1
New York City 311,@nyc311,2022-05-08T13:51:21.000Z,"@rafsan_wasi
 @nycgov
 @NYCSanitation
 @NYC_DOT
 Hello, please send us a DM so we can ask you a few questions and provide you with assistance. Thank you.",,,
Drill Bill,@SarkastikB,2022-05-08T13:51:21.000Z,I’m sure they move the barrier so they only can leave,,,1
Julie Huntington,@jahuntington,2022-05-08T13:51:21.000Z,"Yes! At the dangerous intersection where Karina Larino was killed, the newest DOT plan still prioritizes motor vehicle access to the BQE over pedestrian safety. We need safe routes to walk to parks & playgrounds in our community.",,,1
harlem medic emeritu,@harlemedic,2022-05-08T13:51:21.000Z,"What's an 
@NYPDnews
 vehicle doing in Texas?  Oh, you meant Houston _Street_, not the city that's pronounced funny.  Ok...",,,
Pat Johnson,@Pat_SI_NYC,2022-05-08T13:51:21.000Z,"You have the tools already but more people are dying… that’s called operator error everyone at 
@NYC_DOT
 should be fired",,,
Jeff Malamy,@MunicipalJeff,2022-05-08T13:51:21.000Z,"The type of car shouldn't matter but, the contrast is STRONG with this one!",,,
WalkBikeNow,@WalkBikeNow,2022-05-08T13:51:21.000Z,"Shops by Bike
@belleoflonglake
 · May 7
Hoping someone has already reported this recurring flooding problem at Woodhaven 63rd Dr/Penelope. Any pedestrian hit trying to get around this flooding will be reported as having crossed outside the crosswalk and it happens every time it rains.

@QueensCB6 and CB5",,,
WalkBikeNow,@WalkBikeNow,2022-05-08T13:51:21.000Z,"Danny Harris
@DannyHarris_TA
 · May 7
Another NYer killed by a driver after a deadly week. NYC is on track to have the deadliest year on our roads since 2013. We don’t need any more promises and plans, we need to redesign our streets now. Not tomorrow and not in a just a few places. We need it today and everywhere. twitter.com/nyc_alerts911/…",,,
Janet Joy Wilson (she/her/fietser),@jsquaredink,2022-05-08T13:51:21.000Z,"Sorry, i was offline drying out  yes, my video & yes permission albeit it’s yesterday’s news except this will happen again if better drainage is not initiated #ClimateCrisis #nyc more bioswales less pavement ",,,
Karen,@KarenJKwa,2022-05-08T13:51:21.000Z,Cars parked in opposite directions on a one way street? Do they U turn or exit the wrong way?,1,1,2
Prime Video,@PrimeVideo,2022-05-08T13:51:21.000Z,,24,137,919
Cody Lyon,@villagernycatx,2022-05-08T13:51:21.000Z,"gothamist.com
Deadly week for NYC pedestrians and cyclists as five die in traffic collisions
“It's very clear that there is a crisis on our streets, and there needs to be urgent action,” said Transportation Alternatives spokesperson Cory Epstein.",,,
"Sincerely, Bashar",@KingOfTheRatios,2022-05-08T13:51:21.000Z,Bail reform,,,
"Sincerely, Bashar",@KingOfTheRatios,2022-05-08T13:51:21.000Z,We don’t care,,,
"Sincerely, Bashar",@KingOfTheRatios,2022-05-08T13:51:21.000Z,Ratio,,,
Kevin LaCherra,@keviningreenpt,2022-05-08T04:21:31.000Z,Those have been there,1,,2
NYPD 105th Precinct,@NYPD105Pct,2022-05-08T04:21:31.000Z,,,,2
Yimby Earth,@YimbyEarth,2022-05-08T04:21:31.000Z,"On the sidewalk?
Odd choice. They are car infrastructure and do should go on bulbouts into the car parking lane. This is obvious.",,,
Brian Howald,@bdhowald,2022-05-08T04:21:31.000Z,"Not sure if for bike lane hardening, but just saw these on Kent Ave. in S. Williamsburg.",2,,2
helen gigante,@hgigante,2022-05-08T04:21:31.000Z,"No, the answer for most is to see and understand it and leave..life is too short for this BS",,,
JoeSchoen's11,@RashiTosafos,2022-05-08T04:21:31.000Z,,,,
Chris V,@vax2207,2022-05-08T04:21:31.000Z,"There are also multiple cars parked in the pedestrian island.  
@NYC_DOT
 needs to stop with the nonsense paint and make real concrete islands everywhere.",,,
My Vespa!,@Fnjtransit,2022-05-08T04:21:31.000Z,"ny1.com
8 New Yorkers dead from traffic accidents in 4 days
Eric Feldman has more on the story.",,,
placard corruption,@placardabuse,2022-05-08T04:21:31.000Z,"Ads are not going to stop the criminal element that does stuff like this to evade enforcement while driving recklessly, 
@NYCMayor
:",,,1
Dr. Wilfredo Rosalinda MPG/Endolologist,@will6410,2022-05-08T04:21:31.000Z,,,,
Walmart,@Walmart,2022-05-08T04:21:31.000Z,"Drag to rotate
This page includes one or more 3D models that are loading
Shop now",29,60,203
JQ LLC: The Impunity City,@ImpunityCity,2022-05-07T23:19:31.000Z,Better hope that chaos doesn't blowback on bike riders. The city will not recover with infrastructure based on spiting drivers.,,,1
Pedro 我是纽约人,@_pjrt,2022-05-07T23:19:31.000Z,"I don't care about ""personal responsibility"", I care about making our streets safe enough that a mistake by anyone won't lead to death and maim. 

We have a choice: life or fitting as many cars as we can. I know which I choose. We need to massively decrease the number of cars.",2,,10
nywtf,@nywtfs,2022-05-07T23:19:31.000Z,"Public safety? You're still moving Riker's Island jails with the worst criminals in NYC directly into residential communities across the street from schools, mass transit - very serious risk & for $9+ Billion! Until you stop it you've really got no voice.",,,
Ryan Frank,@ryanmfrank,2022-05-07T23:19:31.000Z,"placard corruption
@placardabuse
 · May 7
Here's @galeabrewer telling @errollouis about the @NYPDnews continuing to try to fake their way out of their obligations to address #PlacardCorruption.

We will be glad to see the @NYCCouncil stick with this and finally start cleaning up the #CultureOfCorruption.",,,1
Andres Salomon,@Andres4NY,2022-05-07T23:19:31.000Z,,,,
Andres Salomon,@Andres4NY,2022-05-07T23:19:31.000Z,"Danny Harris
@DannyHarris_TA
 · May 7
An @MTA worker killed by a driver in Queens - 11 dead from traffic violence in 5 days. ⁦⁦ https://newsbreak.com/news/2595660771665/mta-worker-fatally-struck-by-car-while-crossing-queens-street…",1,,1
RAF789,@rafsan_wasi,2022-05-07T23:19:31.000Z,,2,,
WalkBikeNow,@WalkBikeNow,2022-05-07T23:19:31.000Z,"Danny Harris
@DannyHarris_TA
 · May 7
An @MTA worker killed by a driver in Queens - 11 dead from traffic violence in 5 days. ⁦⁦ https://newsbreak.com/news/2595660771665/mta-worker-fatally-struck-by-car-while-crossing-queens-street…",,,
Tony Jim,@thedeviloflove,2022-05-07T23:19:31.000Z,"Question: is it a quality of life issue or a law and order issue when a Republican district leader illegally uses their phone while driving? “Oh I was stopped”. Doesn’t matter, it’s still illegal. Or do only some laws matter?",,,
VISIT FLORIDA,@VISITFLORIDA,2022-05-07T23:19:31.000Z,"visitflorida.com
Plan Your Vacation",20,8,5
NYC Families/Residents Against Congestion Pricing,@NoCongestionTax,2022-05-07T23:19:31.000Z,"While that may (arguably) true, we must maintain common sense. Drivers are not universally at fault in every accident. People must take personal responsibility for their own choices--crosswalks are infrastructure, they are there for a reason and not using them is ill-advised.",4,,
1010 WINS TRAFFIC & TRANSIT,@WINSTRAFFICNYC,2022-05-07T23:19:31.000Z,,,,
Living Streets Mindset,@MattBoog,2022-05-07T23:19:31.000Z,,,,2
Pedro 我是纽约人,@_pjrt,2022-05-07T23:19:31.000Z,"Increase the amount of cars, and you'll increase the amount of car-based infrastructure. Decrease it, and we'll have more pedestrian infrastructure, which is safer, regardless of condition.",1,,10
NYC Families/Residents Against Congestion Pricing,@NoCongestionTax,2022-05-07T23:19:31.000Z,"What does the number of cars have to do with it? Last night was a rainy, dark night. It's hard to see and you have to be very careful-driving and walking. When someone is not crossing in the crosswalk, especially under these conditions, you're assuming a risk.",2,,
Alex Salazar,@Al_Sal2,2022-05-07T20:24:46.000Z,,,,1
Jehiah,@jehiah,2022-05-07T20:24:46.000Z,"American Fietser
@AmericanFietser
 · May 7
By November, this section of Monon Boulevard will be wider, greener, and more inviting to people.
Show this thread",,,5
John Marshall Mantel,@jmmantel,2022-05-07T20:24:46.000Z,Yeah that’s great. Don’t touch.,1,,
Walter Vasquez Sila.,@sila_walter,2022-05-07T20:24:46.000Z,El mercantilismo impuesto por sistema predominante.,,,
Folded Sunset,@foldedsunset,2022-05-07T20:24:46.000Z,"As noted by 
@CornyOConnell
 re 
@NYDailyNews
 coverage, there's a no left turn sign at 21st for southbound drivers, like the guy in the van.",,,
JQ LLC: The Impunity City,@ImpunityCity,2022-05-07T20:24:46.000Z,They don't even have the guts to defend themselves.,1,,
jeany beany,@jeanybeany7,2022-05-07T20:24:46.000Z,Every New Yorker deserves to work without the tyranny of the local government taking away their choice to bodily autonomy and denying medical freedom. #prochoicenotprovaccine,,,
Tim Hayes,@TimHayesNYC,2022-05-07T20:24:46.000Z,Thanks for posting some good energy,,,2
Joe Jones,@Onlypizza1,2022-05-07T20:24:46.000Z,1,1,,
Wingstop,@wingstop,2022-05-07T20:24:46.000Z,"0:04
wingstop.com
Get It Delivered Now at Wingstop.com",14,26,198
Joeden,@Joeden1,2022-05-07T20:24:46.000Z,1,1,,
NeverForget_WhoProlongedThePandemic,@NeverForget2007,2022-05-07T20:24:46.000Z,"It’s not their job to “make excuses” for killers, 
@NYCCouncil
 and all the progressive politicians in NYC and State that changed all the laws did that. Blame them. They did this. They’re the ones that won’t allow criminals to be held accountable.",,,1
Jean?,@jeaner_weiner,2022-05-07T20:24:46.000Z,Here’s a quote of the artist himself saying the cube is meant to be interacted with by the public. The artist wants it to be spun #FREETHECUBE,1,,5
New York City 311,@nyc311,2022-05-07T20:24:46.000Z,"@da555nny
 @NYCTBus
 @NYC_DOT
 Hello, thank you for notifying us! You can report incorrect information on a street sign to the Department of Transportation by visiting http://on.nyc.gov/2Ht1DTs, or please send us a DM if you'd like our help with filing.",,,
Wingstop,@wingstop,2022-05-07T20:24:46.000Z,"0:05
wingstop.com
Get It Delivered Now at Wingstop.com",14,26,198
